,0,1,2,3,4,5,6,7,8,9,10,11,12,vintage,cz,scen_year,scenario,year
2_0_0_4,0.0,27.55,10.96,0.0,0.17,146.5,4207.06,40.44,0.0,0.0,0.0,24.19,0.06,new,1a,historical,2020,RefBldgMediumOffice
2_0_0_5,0.0,0.0,0.59,0.0,0.0,816.83,7546.22,0.0,0.0,0.0,0.0,166.88,0.0,new,1a,historical,2020,RefBldgMidriseApartment
2_0_1_4,0.0,10.73,24.91,0.0,0.0,255.33,4177.84,69.66,0.0,0.0,0.0,42.85,0.02,new,1a,historical,2020,RefBldgMediumOffice
2_0_1_5,0.0,0.0,27.7,0.0,0.0,3510.33,7529.82,16.4,0.0,0.0,0.0,1113.42,0.0,new,1a,historical,2020,RefBldgMidriseApartment
2_0_2_4,0.0,8.9,26.77,0.0,0.0,262.83,4174.13,73.37,0.0,0.0,0.0,44.24,0.02,new,1a,historical,2020,RefBldgMediumOffice
2_0_2_5,0.0,0.0,36.36,0.0,0.0,4088.17,7515.78,30.44,0.0,0.0,0.0,1467.4,0.0,new,1a,historical,2020,RefBldgMidriseApartment
2_0_3_4,0.0,8.65,27.37,0.0,0.0,265.33,4173.69,73.81,0.0,0.0,0.0,44.49,0.02,new,1a,historical,2020,RefBldgMediumOffice
2_0_3_5,0.0,0.0,40.92,0.0,0.0,4178.83,7501.16,45.06,0.0,0.0,0.0,1628.09,0.0,new,1a,historical,2020,RefBldgMidriseApartment
2_0_4_4,0.0,9.21,27.48,0.0,0.0,267.0,4173.57,73.93,0.0,0.0,0.0,44.76,0.02,new,1a,historical,2020,RefBldgMediumOffice
2_0_4_5,0.0,0.0,40.35,0.0,0.0,4142.17,7515.75,30.47,0.0,0.0,0.0,1532.98,0.0,new,1a,historical,2020,RefBldgMidriseApartment
2_0_5_4,0.0,9.53,26.16,0.0,0.0,267.33,4173.76,73.74,0.0,0.0,0.0,44.76,0.03,new,1a,historical,2020,RefBldgMediumOffice
2_0_5_5,0.0,0.0,42.05,0.0,0.0,4202.5,7446.65,99.57,0.0,0.0,0.0,1926.68,0.0,new,1a,historical,2020,RefBldgMidriseApartment
2_0_6_4,0.0,6.96,30.47,0.0,0.0,294.83,4165.94,81.56,0.0,0.0,0.0,50.99,0.02,new,1a,historical,2020,RefBldgMediumOffice
2_0_6_5,0.0,0.0,79.3,0.0,0.0,4749.33,7259.48,286.74,0.0,0.0,0.0,2812.99,0.0,new,1a,historical,2020,RefBldgMidriseApartment
2_0_7_4,0.0,5.3,33.79,0.0,0.0,314.83,4161.68,85.82,0.0,0.0,0.0,54.32,0.02,new,1a,historical,2020,RefBldgMediumOffice
2_0_7_5,0.0,0.0,136.57,0.0,0.0,5169.33,7005.21,540.56,0.45,0.0,0.0,3702.72,0.0,new,1a,historical,2020,RefBldgMidriseApartment
2_0_8_4,0.0,4.24,36.77,0.0,0.0,333.5,4159.09,88.41,0.0,0.0,0.0,57.82,0.02,new,1a,historical,2020,RefBldgMediumOffice
2_0_8_5,0.0,0.0,214.75,0.0,0.0,5545.33,6751.05,790.7,4.47,0.0,0.0,4559.86,0.0,new,1a,historical,2020,RefBldgMidriseApartment
2_0_9_4,0.0,8.37,27.67,0.0,0.0,278.33,4171.56,75.94,0.0,0.0,0.0,47.31,0.03,new,1a,historical,2020,RefBldgMediumOffice
2_0_9_5,0.0,0.0,59.77,0.0,0.0,4360.33,7359.7,186.52,0.0,0.0,0.0,2289.49,0.0,new,1a,historical,2020,RefBldgMidriseApartment
2_0_10_4,0.0,4.67,35.71,0.0,0.0,333.83,4159.62,87.88,0.0,0.0,0.0,58.53,0.02,new,1a,historical,2020,RefBldgMediumOffice
2_0_10_5,0.0,0.0,210.84,0.0,0.0,5366.0,6752.83,777.75,15.64,0.0,0.0,4481.94,0.0,new,1a,historical,2020,RefBldgMidriseApartment
2_0_11_4,0.0,2.45,43.83,0.0,0.0,487.33,4154.19,93.31,0.0,0.0,0.0,88.75,0.02,new,1a,historical,2020,RefBldgMediumOffice
2_0_11_5,0.0,0.0,684.54,0.0,0.0,6084.67,5881.79,1375.25,288.92,0.27,0.0,7724.73,0.0,new,1a,historical,2020,RefBldgMidriseApartment
2_0_12_4,0.0,1.27,60.13,0.0,0.0,958.67,4130.44,117.06,0.0,0.0,0.0,376.94,0.01,new,1a,historical,2020,RefBldgMediumOffice
2_0_12_5,0.0,0.0,1697.38,0.0,0.0,6882.67,4873.52,1544.34,1048.83,79.52,0.0,12443.05,0.0,new,1a,historical,2020,RefBldgMidriseApartment
2_1_0_4,0.0,80.55,0.56,0.0,5.83,17.67,4220.82,26.68,0.0,0.0,0.0,7.43,3.85,new,2a,historical,2020,RefBldgMediumOffice
2_1_0_5,0.0,2.1,0.02,0.0,0.0,730.83,7546.22,0.0,0.0,0.0,0.0,180.12,0.02,new,2a,historical,2020,RefBldgMidriseApartment
2_1_1_4,0.0,45.92,2.06,0.0,3.67,46.17,4206.64,40.86,0.0,0.0,0.0,12.92,2.52,new,2a,historical,2020,RefBldgMediumOffice
2_1_1_5,0.0,0.27,1.12,0.0,0.0,1972.83,7529.83,16.4,0.0,0.0,0.0,819.13,0.01,new,2a,historical,2020,RefBldgMidriseApartment
2_1_2_4,0.0,41.22,2.5,0.0,3.5,50.0,4205.69,41.81,0.0,0.0,0.0,13.13,2.31,new,2a,historical,2020,RefBldgMediumOffice
2_1_2_5,0.0,0.21,2.02,0.0,0.0,2240.0,7520.04,26.18,0.0,0.0,0.0,983.88,0.01,new,2a,historical,2020,RefBldgMidriseApartment
2_1_3_4,0.0,40.25,2.76,0.0,3.33,50.17,4204.6,42.9,0.0,0.0,0.0,13.2,2.28,new,2a,historical,2020,RefBldgMediumOffice
2_1_3_5,0.0,0.18,2.79,0.0,0.0,2367.83,7507.62,38.6,0.0,0.0,0.0,1085.8,0.01,new,2a,historical,2020,RefBldgMidriseApartment
2_1_4_4,0.0,40.64,2.62,0.0,3.5,50.17,4203.73,43.77,0.0,0.0,0.0,13.39,2.32,new,2a,historical,2020,RefBldgMediumOffice
2_1_4_5,0.0,0.18,2.3,0.0,0.0,2344.5,7514.72,31.5,0.0,0.0,0.0,1059.63,0.01,new,2a,historical,2020,RefBldgMidriseApartment
2_1_5_4,0.0,43.51,2.33,0.0,4.0,54.67,4203.69,43.81,0.0,0.0,0.0,13.74,2.66,new,2a,historical,2020,RefBldgMediumOffice
2_1_5_5,0.0,0.27,2.7,0.0,0.0,2395.33,7486.07,60.15,0.0,0.0,0.0,1196.81,0.01,new,2a,historical,2020,RefBldgMidriseApartment
2_1_6_4,0.0,35.99,2.98,0.0,3.5,65.33,4201.14,46.36,0.0,0.0,0.0,14.88,2.33,new,2a,historical,2020,RefBldgMediumOffice
2_1_6_5,0.0,0.13,9.26,0.0,0.0,2869.5,7392.2,154.02,0.0,0.0,0.0,1734.21,0.01,new,2a,historical,2020,RefBldgMidriseApartment
2_1_7_4,0.0,31.0,3.97,0.0,3.5,72.83,4198.38,49.12,0.0,0.0,0.0,16.12,2.19,new,2a,historical,2020,RefBldgMediumOffice
2_1_7_5,0.0,0.07,20.83,0.0,0.0,3104.67,7243.77,302.33,0.12,0.0,0.0,2287.72,0.01,new,2a,historical,2020,RefBldgMidriseApartment
2_1_8_4,0.0,27.72,4.85,0.0,2.83,79.17,4196.0,51.5,0.0,0.0,0.0,17.51,2.0,new,2a,historical,2020,RefBldgMediumOffice
2_1_8_5,0.0,0.05,42.42,0.0,0.0,3240.83,7062.6,482.65,0.98,0.0,0.0,2801.11,0.01,new,2a,historical,2020,RefBldgMidriseApartment
2_1_9_4,0.0,39.84,2.81,0.0,3.83,60.83,4202.19,45.31,0.0,0.0,0.0,14.37,2.54,new,2a,historical,2020,RefBldgMediumOffice
2_1_9_5,0.0,0.25,8.49,0.0,0.0,2704.5,7423.18,123.04,0.0,0.0,0.0,1512.66,0.01,new,2a,historical,2020,RefBldgMidriseApartment
2_1_10_4,0.0,28.22,4.46,0.0,3.0,95.83,4197.05,50.45,0.0,0.0,0.0,21.06,2.05,new,2a,historical,2020,RefBldgMediumOffice
2_1_10_5,0.0,0.07,56.53,0.0,0.0,3214.5,7079.24,458.53,8.45,0.0,0.0,2820.2,0.01,new,2a,historical,2020,RefBldgMidriseApartment
2_1_11_4,0.0,19.06,7.24,0.0,2.5,170.17,4192.56,54.94,0.0,0.0,0.0,52.02,1.53,new,2a,historical,2020,RefBldgMediumOffice
2_1_11_5,0.0,0.03,241.94,0.0,0.0,3684.0,6567.71,851.69,126.82,0.0,0.0,4609.52,0.01,new,2a,historical,2020,RefBldgMidriseApartment
2_1_12_4,0.0,11.69,15.83,0.0,1.83,408.83,4170.64,76.86,0.0,0.0,0.0,235.9,1.12,new,2a,historical,2020,RefBldgMediumOffice
2_1_12_5,0.0,0.0,716.87,0.0,0.0,4183.67,5990.2,992.4,540.11,23.52,0.0,7348.52,0.01,new,2a,historical,2020,RefBldgMidriseApartment
2_2_0_4,0.0,80.22,1.71,0.0,5.33,38.5,4238.44,9.06,0.0,0.0,0.0,9.9,2.26,new,2b,historical,2020,RefBldgMediumOffice
2_2_0_5,0.0,3.22,0.0,0.0,0.0,834.67,7546.22,0.0,0.0,0.0,0.0,139.25,0.02,new,2b,historical,2020,RefBldgMidriseApartment
2_2_1_4,0.0,50.34,3.69,0.0,3.0,70.33,4236.73,10.77,0.0,0.0,0.0,13.2,1.37,new,2b,historical,2020,RefBldgMediumOffice
2_2_1_5,0.0,0.8,0.03,0.0,0.0,1600.0,7544.94,1.28,0.0,0.0,0.0,506.02,0.01,new,2b,historical,2020,RefBldgMidriseApartment
2_2_2_4,0.0,46.47,4.28,0.0,2.67,71.33,4235.56,11.94,0.0,0.0,0.0,13.9,1.25,new,2b,historical,2020,RefBldgMediumOffice
2_2_2_5,0.0,0.57,0.13,0.0,0.0,1709.83,7542.48,3.74,0.0,0.0,0.0,585.89,0.01,new,2b,historical,2020,RefBldgMidriseApartment
2_2_3_4,0.0,44.95,4.19,0.0,2.67,66.33,4235.35,12.15,0.0,0.0,0.0,13.29,1.19,new,2b,historical,2020,RefBldgMediumOffice
2_2_3_5,0.0,0.52,0.13,0.0,0.0,1731.17,7542.6,3.62,0.0,0.0,0.0,593.23,0.01,new,2b,historical,2020,RefBldgMidriseApartment
2_2_4_4,0.0,44.57,3.94,0.0,2.67,59.67,4235.7,11.8,0.0,0.0,0.0,12.74,1.16,new,2b,historical,2020,RefBldgMediumOffice
2_2_4_5,0.0,0.47,0.07,0.0,0.0,1718.17,7543.8,2.43,0.0,0.0,0.0,564.62,0.01,new,2b,historical,2020,RefBldgMidriseApartment
2_2_5_4,0.0,48.9,3.27,0.0,3.5,54.67,4235.6,11.9,0.0,0.0,0.0,11.95,1.47,new,2b,historical,2020,RefBldgMediumOffice
2_2_5_5,0.0,0.71,0.0,0.0,0.0,1609.67,7544.52,1.7,0.0,0.0,0.0,505.95,0.01,new,2b,historical,2020,RefBldgMidriseApartment
2_2_6_4,0.0,43.01,4.15,0.0,2.83,72.17,4234.21,13.29,0.0,0.0,0.0,13.61,1.28,new,2b,historical,2020,RefBldgMediumOffice
2_2_6_5,0.0,0.5,0.06,0.0,0.0,1858.17,7538.43,7.8,0.0,0.0,0.0,685.54,0.01,new,2b,historical,2020,RefBldgMidriseApartment
2_2_7_4,0.0,38.39,4.94,0.0,2.67,84.83,4232.57,14.93,0.0,0.0,0.0,15.35,1.19,new,2b,historical,2020,RefBldgMediumOffice
2_2_7_5,0.0,0.39,0.17,0.0,0.0,2029.17,7529.34,16.88,0.0,0.0,0.0,841.74,0.01,new,2b,historical,2020,RefBldgMidriseApartment
2_2_8_4,0.0,34.96,5.66,0.0,2.67,97.5,4231.44,16.06,0.0,0.0,0.0,17.83,1.11,new,2b,historical,2020,RefBldgMediumOffice
2_2_8_5,0.0,0.32,0.31,0.0,0.0,2163.5,7519.23,26.99,0.0,0.0,0.0,980.24,0.01,new,2b,historical,2020,RefBldgMidriseApartment
2_2_9_4,0.0,47.05,4.13,0.0,3.0,71.5,4235.2,12.3,0.0,0.0,0.0,13.46,1.41,new,2b,historical,2020,RefBldgMediumOffice
2_2_9_5,0.0,0.71,0.06,0.0,0.0,1717.5,7542.42,3.8,0.0,0.0,0.0,569.15,0.01,new,2b,historical,2020,RefBldgMidriseApartment
2_2_10_4,0.0,36.11,5.76,0.0,2.67,115.17,4231.51,15.99,0.0,0.0,0.0,19.76,1.12,new,2b,historical,2020,RefBldgMediumOffice
2_2_10_5,0.0,0.33,0.6,0.0,0.0,2123.0,7511.16,35.06,0.0,0.0,0.0,970.18,0.01,new,2b,historical,2020,RefBldgMidriseApartment
2_2_11_4,0.0,27.25,7.42,0.0,2.33,175.0,4226.82,20.68,0.0,0.0,0.0,34.61,0.86,new,2b,historical,2020,RefBldgMediumOffice
2_2_11_5,0.0,0.21,7.63,0.0,0.0,2542.17,7409.72,136.51,0.0,0.0,0.0,1580.95,0.01,new,2b,historical,2020,RefBldgMidriseApartment
2_2_12_4,0.0,20.45,10.26,0.0,1.83,302.17,4223.29,24.21,0.0,0.0,0.0,80.21,0.64,new,2b,historical,2020,RefBldgMediumOffice
2_2_12_5,0.0,0.14,60.02,0.0,0.0,2981.67,7168.22,375.6,2.41,0.0,0.0,2611.52,0.01,new,2b,historical,2020,RefBldgMidriseApartment
2_3_0_4,0.0,141.62,0.06,0.0,8.67,1.0,4232.79,14.71,0.0,0.0,0.0,2.97,5.34,new,3a,historical,2020,RefBldgMediumOffice
2_3_0_5,0.0,13.55,0.0,0.0,0.0,75.0,7546.22,0.0,0.0,0.0,0.0,23.93,0.04,new,3a,historical,2020,RefBldgMidriseApartment
2_3_1_4,0.0,93.82,0.63,0.0,7.0,3.33,4220.02,27.48,0.0,0.0,0.0,5.78,4.22,new,3a,historical,2020,RefBldgMediumOffice
2_3_1_5,0.0,6.51,0.01,0.0,0.0,737.17,7546.22,0.0,0.0,0.0,0.0,224.18,0.02,new,3a,historical,2020,RefBldgMidriseApartment
2_3_2_4,0.0,88.04,0.89,0.0,6.67,3.83,4218.4,29.1,0.0,0.0,0.0,5.96,4.06,new,3a,historical,2020,RefBldgMediumOffice
2_3_2_5,0.0,5.55,0.07,0.0,0.0,869.33,7546.22,0.0,0.0,0.0,0.0,292.16,0.03,new,3a,historical,2020,RefBldgMidriseApartment
2_3_3_4,0.0,85.43,0.91,0.0,6.5,5.67,4217.6,29.9,0.0,0.0,0.0,6.14,3.92,new,3a,historical,2020,RefBldgMediumOffice
2_3_3_5,0.0,5.27,0.07,0.0,0.0,927.17,7546.22,0.0,0.0,0.0,0.0,320.75,0.03,new,3a,historical,2020,RefBldgMidriseApartment
2_3_4_4,0.0,86.03,0.81,0.0,6.5,5.17,4217.62,29.88,0.0,0.0,0.0,6.1,3.95,new,3a,historical,2020,RefBldgMediumOffice
2_3_4_5,0.0,5.54,0.04,0.0,0.0,895.5,7546.22,0.0,0.0,0.0,0.0,305.29,0.02,new,3a,historical,2020,RefBldgMidriseApartment
2_3_5_4,0.0,91.51,0.43,0.0,7.17,5.17,4219.25,28.25,0.0,0.0,0.0,5.93,4.21,new,3a,historical,2020,RefBldgMediumOffice
2_3_5_5,0.0,5.97,0.0,0.0,0.0,867.83,7546.22,0.01,0.0,0.0,0.0,288.46,0.02,new,3a,historical,2020,RefBldgMidriseApartment
2_3_6_4,0.0,81.17,0.66,0.0,6.5,8.0,4216.1,31.4,0.0,0.0,0.0,6.57,3.89,new,3a,historical,2020,RefBldgMediumOffice
2_3_6_5,0.0,4.82,0.01,0.0,0.0,1109.83,7545.81,0.41,0.0,0.0,0.0,439.73,0.02,new,3a,historical,2020,RefBldgMidriseApartment
2_3_7_4,0.0,73.16,0.97,0.0,6.33,11.5,4212.78,34.72,0.0,0.0,0.0,7.97,3.63,new,3a,historical,2020,RefBldgMediumOffice
2_3_7_5,0.0,3.9,0.06,0.0,0.0,1291.83,7544.93,1.3,0.0,0.0,0.0,570.26,0.02,new,3a,historical,2020,RefBldgMidriseApartment
2_3_8_4,0.0,67.65,1.17,0.0,5.83,11.83,4211.23,36.27,0.0,0.0,0.0,8.59,3.52,new,3a,historical,2020,RefBldgMediumOffice
2_3_8_5,0.0,3.44,0.1,0.0,0.0,1445.0,7542.88,3.34,0.0,0.0,0.0,682.91,0.02,new,3a,historical,2020,RefBldgMidriseApartment
2_3_9_4,0.0,86.76,0.63,0.0,6.67,7.67,4218.19,29.31,0.0,0.0,0.0,6.02,4.08,new,3a,historical,2020,RefBldgMediumOffice
2_3_9_5,0.0,5.64,0.01,0.0,0.0,946.83,7546.12,0.1,0.0,0.0,0.0,334.88,0.02,new,3a,historical,2020,RefBldgMidriseApartment
2_3_10_4,0.0,68.7,1.14,0.0,6.17,12.17,4211.43,36.07,0.0,0.0,0.0,8.31,3.61,new,3a,historical,2020,RefBldgMediumOffice
2_3_10_5,0.0,3.63,0.14,0.0,0.0,1441.67,7531.57,14.65,0.0,0.0,0.0,689.0,0.02,new,3a,historical,2020,RefBldgMidriseApartment
2_3_11_4,0.0,54.09,2.01,0.0,5.67,19.0,4209.39,38.11,0.0,0.0,0.0,9.08,3.17,new,3a,historical,2020,RefBldgMediumOffice
2_3_11_5,0.0,2.47,2.94,0.0,0.0,1985.5,7433.25,112.98,0.0,0.0,0.0,1311.9,0.02,new,3a,historical,2020,RefBldgMidriseApartment
2_3_12_4,0.0,41.35,3.02,0.0,4.67,92.67,4201.51,45.99,0.0,0.0,0.0,23.87,2.78,new,3a,historical,2020,RefBldgMediumOffice
2_3_12_5,0.0,1.67,46.87,0.0,0.0,2597.67,7085.69,455.89,4.64,0.0,0.0,2534.95,0.02,new,3a,historical,2020,RefBldgMidriseApartment
2_4_0_4,0.0,130.95,0.2,0.0,7.67,4.17,4243.51,3.99,0.0,0.0,0.0,6.12,4.28,new,3b,historical,2020,RefBldgMediumOffice
2_4_0_5,0.0,20.83,0.0,0.0,0.0,144.83,7546.22,0.0,0.0,0.0,0.0,40.35,0.02,new,3b,historical,2020,RefBldgMidriseApartment
2_4_1_4,0.0,87.85,0.52,0.0,4.67,9.67,4242.93,4.57,0.0,0.0,0.0,7.73,2.53,new,3b,historical,2020,RefBldgMediumOffice
2_4_1_5,0.0,9.79,0.0,0.0,0.0,507.83,7546.22,0.0,0.0,0.0,0.0,142.38,0.02,new,3b,historical,2020,RefBldgMidriseApartment
2_4_2_4,0.0,84.63,0.6,0.0,4.67,13.33,4242.63,4.87,0.0,0.0,0.0,8.32,2.49,new,3b,historical,2020,RefBldgMediumOffice
2_4_2_5,0.0,9.11,0.0,0.0,0.0,565.83,7546.22,0.0,0.0,0.0,0.0,164.65,0.02,new,3b,historical,2020,RefBldgMidriseApartment
2_4_3_4,0.0,83.69,0.61,0.0,4.67,13.0,4242.75,4.75,0.0,0.0,0.0,8.14,2.49,new,3b,historical,2020,RefBldgMediumOffice
2_4_3_5,0.0,8.99,0.0,0.0,0.0,558.17,7546.22,0.0,0.0,0.0,0.0,158.29,0.02,new,3b,historical,2020,RefBldgMidriseApartment
2_4_4_4,0.0,83.44,0.62,0.0,4.67,12.0,4242.76,4.74,0.0,0.0,0.0,7.95,2.5,new,3b,historical,2020,RefBldgMediumOffice
2_4_4_5,0.0,8.78,0.0,0.0,0.0,539.0,7546.22,0.0,0.0,0.0,0.0,153.27,0.02,new,3b,historical,2020,RefBldgMidriseApartment
2_4_5_4,0.0,93.02,0.63,0.0,6.17,9.17,4242.89,4.61,0.0,0.0,0.0,7.43,3.1,new,3b,historical,2020,RefBldgMediumOffice
2_4_5_5,0.0,10.92,0.0,0.0,0.0,470.17,7546.22,0.0,0.0,0.0,0.0,136.82,0.02,new,3b,historical,2020,RefBldgMidriseApartment
2_4_6_4,0.0,85.29,0.74,0.0,5.17,12.5,4242.19,5.31,0.0,0.0,0.0,8.18,2.91,new,3b,historical,2020,RefBldgMediumOffice
2_4_6_5,0.0,9.33,0.0,0.0,0.0,610.17,7546.22,0.0,0.0,0.0,0.0,188.74,0.02,new,3b,historical,2020,RefBldgMidriseApartment
2_4_7_4,0.0,78.23,0.88,0.0,4.83,14.67,4241.82,5.68,0.0,0.0,0.0,8.73,2.71,new,3b,historical,2020,RefBldgMediumOffice
2_4_7_5,0.0,7.92,0.0,0.0,0.0,736.33,7546.22,0.0,0.0,0.0,0.0,241.04,0.02,new,3b,historical,2020,RefBldgMidriseApartment
2_4_8_4,0.0,72.98,0.99,0.0,4.5,18.67,4241.36,6.14,0.0,0.0,0.0,9.15,2.56,new,3b,historical,2020,RefBldgMediumOffice
2_4_8_5,0.0,6.81,0.0,0.0,0.0,828.0,7546.21,0.01,0.0,0.0,0.0,286.0,0.02,new,3b,historical,2020,RefBldgMidriseApartment
2_4_9_4,0.0,88.53,0.71,0.0,5.33,9.5,4242.58,4.92,0.0,0.0,0.0,7.8,2.91,new,3b,historical,2020,RefBldgMediumOffice
2_4_9_5,0.0,10.0,0.0,0.0,0.0,533.67,7546.22,0.0,0.0,0.0,0.0,157.16,0.02,new,3b,historical,2020,RefBldgMidriseApartment
2_4_10_4,0.0,74.55,0.94,0.0,4.5,17.5,4241.79,5.71,0.0,0.0,0.0,8.75,2.54,new,3b,historical,2020,RefBldgMediumOffice
2_4_10_5,0.0,7.23,0.0,0.0,0.0,754.67,7546.22,0.0,0.0,0.0,0.0,246.18,0.02,new,3b,historical,2020,RefBldgMidriseApartment
2_4_11_4,0.0,62.67,1.27,0.0,4.5,26.0,4239.06,8.44,0.0,0.0,0.0,11.22,2.24,new,3b,historical,2020,RefBldgMediumOffice
2_4_11_5,0.0,5.17,0.06,0.0,0.0,1004.67,7545.46,0.76,0.0,0.0,0.0,396.75,0.02,new,3b,historical,2020,RefBldgMidriseApartment
2_4_12_4,0.0,49.56,1.37,0.0,3.83,56.0,4235.57,11.93,0.0,0.0,0.0,17.11,1.88,new,3b,historical,2020,RefBldgMediumOffice
2_4_12_5,0.0,3.09,1.41,0.0,0.0,1327.0,7525.43,20.8,0.0,0.0,0.0,656.32,0.02,new,3b,historical,2020,RefBldgMidriseApartment
2_5_0_4,0.0,208.3,0.02,0.0,0.5,0.0,4247.5,0.0,0.0,0.0,0.0,0.05,0.34,new,3bc,historical,2020,RefBldgMediumOffice
2_5_0_5,0.0,21.63,0.0,0.0,0.0,0.0,7546.22,0.0,0.0,0.0,0.0,0.65,0.01,new,3bc,historical,2020,RefBldgMidriseApartment
2_5_1_4,0.0,128.31,0.22,0.0,0.17,0.0,4247.32,0.18,0.0,0.0,0.0,0.22,0.19,new,3bc,historical,2020,RefBldgMediumOffice
2_5_1_5,0.0,6.2,0.0,0.0,0.0,60.0,7546.22,0.0,0.0,0.0,0.0,19.21,0.0,new,3bc,historical,2020,RefBldgMidriseApartment
2_5_2_4,0.0,120.75,0.3,0.0,0.17,0.0,4247.21,0.29,0.0,0.0,0.0,0.25,0.17,new,3bc,historical,2020,RefBldgMediumOffice
2_5_2_5,0.0,4.47,0.0,0.0,0.0,107.0,7546.22,0.0,0.0,0.0,0.0,33.18,0.0,new,3bc,historical,2020,RefBldgMidriseApartment
2_5_3_4,0.0,117.32,0.3,0.0,0.17,0.0,4247.23,0.27,0.0,0.0,0.0,0.25,0.16,new,3bc,historical,2020,RefBldgMediumOffice
2_5_3_5,0.0,3.46,0.01,0.0,0.0,130.83,7546.22,0.0,0.0,0.0,0.0,37.27,0.0,new,3bc,historical,2020,RefBldgMidriseApartment
2_5_4_4,0.0,115.54,0.26,0.0,0.17,0.0,4247.23,0.27,0.0,0.0,0.0,0.24,0.15,new,3bc,historical,2020,RefBldgMediumOffice
2_5_4_5,0.0,3.32,0.01,0.0,0.0,110.33,7546.22,0.0,0.0,0.0,0.0,32.17,0.0,new,3bc,historical,2020,RefBldgMidriseApartment
2_5_5_4,0.0,127.8,0.12,0.0,0.17,0.0,4247.31,0.19,0.0,0.0,0.0,0.22,0.19,new,3bc,historical,2020,RefBldgMediumOffice
2_5_5_5,0.0,5.87,0.0,0.0,0.0,39.0,7546.22,0.0,0.0,0.0,0.0,12.75,0.0,new,3bc,historical,2020,RefBldgMidriseApartment
2_5_6_4,0.0,110.99,0.23,0.0,0.17,0.0,4247.04,0.46,0.0,0.0,0.0,0.32,0.15,new,3bc,historical,2020,RefBldgMediumOffice
2_5_6_5,0.0,3.86,0.0,0.0,0.0,90.83,7546.22,0.0,0.0,0.0,0.0,29.11,0.0,new,3bc,historical,2020,RefBldgMidriseApartment
2_5_7_4,0.0,98.32,0.4,0.0,0.17,0.5,4246.77,0.73,0.0,0.0,0.0,0.44,0.13,new,3bc,historical,2020,RefBldgMediumOffice
2_5_7_5,0.0,2.45,0.02,0.0,0.0,179.83,7546.22,0.0,0.0,0.0,0.0,52.4,0.0,new,3bc,historical,2020,RefBldgMidriseApartment
2_5_8_4,0.0,89.47,0.52,0.0,0.17,1.0,4246.1,1.4,0.0,0.0,0.0,0.58,0.13,new,3bc,historical,2020,RefBldgMediumOffice
2_5_8_5,0.0,1.66,0.06,0.0,0.0,336.33,7546.22,0.0,0.0,0.0,0.0,86.33,0.0,new,3bc,historical,2020,RefBldgMidriseApartment
2_5_9_4,0.0,119.68,0.24,0.0,0.17,0.0,4247.24,0.26,0.0,0.0,0.0,0.26,0.18,new,3bc,historical,2020,RefBldgMediumOffice
2_5_9_5,0.0,4.95,0.0,0.0,0.0,38.5,7546.22,0.0,0.0,0.0,0.0,14.14,0.0,new,3bc,historical,2020,RefBldgMidriseApartment
2_5_10_4,0.0,92.61,0.56,0.0,0.17,0.83,4246.7,0.8,0.0,0.0,0.0,0.49,0.13,new,3bc,historical,2020,RefBldgMediumOffice
2_5_10_5,0.0,2.02,0.07,0.0,0.0,259.5,7546.22,0.0,0.0,0.0,0.0,72.81,0.0,new,3bc,historical,2020,RefBldgMidriseApartment
2_5_11_4,0.0,71.01,0.98,0.0,0.17,4.67,4243.56,3.94,0.0,0.0,0.0,1.17,0.1,new,3bc,historical,2020,RefBldgMediumOffice
2_5_11_5,0.0,0.6,0.73,0.0,0.0,880.17,7546.22,0.01,0.0,0.0,0.0,265.76,0.0,new,3bc,historical,2020,RefBldgMidriseApartment
2_5_12_4,0.0,52.38,1.75,0.0,0.17,15.67,4235.27,12.23,0.0,0.0,0.0,3.1,0.08,new,3bc,historical,2020,RefBldgMediumOffice
2_5_12_5,0.0,0.12,3.43,0.0,0.0,2072.67,7536.56,9.67,0.0,0.0,0.0,808.87,0.0,new,3bc,historical,2020,RefBldgMidriseApartment
2_6_0_4,0.0,667.93,0.11,0.0,4.5,0.0,4247.5,0.0,0.0,0.0,0.0,0.0,2.6,new,3c,historical,2020,RefBldgMediumOffice
2_6_0_5,0.0,303.79,0.0,0.0,0.0,5.33,7546.22,0.0,0.0,0.0,0.0,1.15,0.02,new,3c,historical,2020,RefBldgMidriseApartment
2_6_1_4,0.0,520.03,0.45,0.0,2.5,0.0,4247.5,0.0,0.0,0.0,0.0,0.02,1.58,new,3c,historical,2020,RefBldgMediumOffice
2_6_1_5,0.0,146.94,0.0,0.0,0.0,47.33,7546.22,0.0,0.0,0.0,0.0,11.08,0.02,new,3c,historical,2020,RefBldgMidriseApartment
2_6_2_4,0.0,506.1,0.51,0.0,2.5,0.0,4247.5,0.0,0.0,0.0,0.0,0.03,1.52,new,3c,historical,2020,RefBldgMediumOffice
2_6_2_5,0.0,133.58,0.0,0.0,0.0,60.0,7546.22,0.0,0.0,0.0,0.0,14.1,0.02,new,3c,historical,2020,RefBldgMidriseApartment
2_6_3_4,0.0,503.24,0.52,0.0,2.5,0.0,4247.5,0.0,0.0,0.0,0.0,0.04,1.5,new,3c,historical,2020,RefBldgMediumOffice
2_6_3_5,0.0,129.28,0.0,0.0,0.0,62.83,7546.22,0.0,0.0,0.0,0.0,14.6,0.02,new,3c,historical,2020,RefBldgMidriseApartment
2_6_4_4,0.0,506.5,0.61,0.0,2.5,0.0,4247.5,0.0,0.0,0.0,0.0,0.03,1.51,new,3c,historical,2020,RefBldgMediumOffice
2_6_4_5,0.0,131.7,0.0,0.0,0.0,60.83,7546.22,0.0,0.0,0.0,0.0,14.1,0.02,new,3c,historical,2020,RefBldgMidriseApartment
2_6_5_4,0.0,521.26,0.52,0.0,2.5,0.0,4247.5,0.0,0.0,0.0,0.0,0.01,1.68,new,3c,historical,2020,RefBldgMediumOffice
2_6_5_5,0.0,142.53,0.0,0.0,0.0,28.0,7546.22,0.0,0.0,0.0,0.0,7.04,0.02,new,3c,historical,2020,RefBldgMidriseApartment
2_6_6_4,0.0,489.89,0.69,0.0,2.5,0.0,4247.5,0.0,0.0,0.0,0.0,0.02,1.51,new,3c,historical,2020,RefBldgMediumOffice
2_6_6_5,0.0,115.55,0.0,0.0,0.0,45.17,7546.22,0.0,0.0,0.0,0.0,10.78,0.02,new,3c,historical,2020,RefBldgMidriseApartment
2_6_7_4,0.0,471.22,0.82,0.0,2.33,0.0,4247.5,0.0,0.0,0.0,0.0,0.02,1.35,new,3c,historical,2020,RefBldgMediumOffice
2_6_7_5,0.0,99.67,0.0,0.0,0.0,68.0,7546.22,0.0,0.0,0.0,0.0,15.59,0.02,new,3c,historical,2020,RefBldgMidriseApartment
2_6_8_4,0.0,454.93,1.0,0.0,2.0,0.0,4247.5,0.0,0.0,0.0,0.0,0.02,1.23,new,3c,historical,2020,RefBldgMediumOffice
2_6_8_5,0.0,87.03,0.0,0.0,0.0,88.0,7546.22,0.0,0.0,0.0,0.0,19.83,0.02,new,3c,historical,2020,RefBldgMidriseApartment
2_6_9_4,0.0,502.77,0.58,0.0,2.5,0.0,4247.5,0.0,0.0,0.0,0.0,0.01,1.51,new,3c,historical,2020,RefBldgMediumOffice
2_6_9_5,0.0,125.76,0.0,0.0,0.0,27.83,7546.22,0.0,0.0,0.0,0.0,7.02,0.02,new,3c,historical,2020,RefBldgMidriseApartment
2_6_10_4,0.0,459.87,0.9,0.0,2.33,0.0,4247.5,0.0,0.0,0.0,0.0,0.02,1.28,new,3c,historical,2020,RefBldgMediumOffice
2_6_10_5,0.0,88.6,0.0,0.0,0.0,69.67,7546.22,0.0,0.0,0.0,0.0,15.05,0.02,new,3c,historical,2020,RefBldgMidriseApartment
2_6_11_4,0.0,421.1,1.25,0.0,1.67,0.0,4247.5,0.0,0.0,0.0,0.0,0.03,1.05,new,3c,historical,2020,RefBldgMediumOffice
2_6_11_5,0.0,62.5,0.0,0.0,0.0,142.5,7546.22,0.0,0.0,0.0,0.0,33.2,0.01,new,3c,historical,2020,RefBldgMidriseApartment
2_6_12_4,0.0,373.69,1.58,0.0,1.33,0.0,4247.5,0.0,0.0,0.0,0.0,0.09,0.81,new,3c,historical,2020,RefBldgMediumOffice
2_6_12_5,0.0,39.79,0.0,0.0,0.0,402.67,7546.15,0.07,0.0,0.0,0.0,85.67,0.01,new,3c,historical,2020,RefBldgMidriseApartment
2_7_0_4,0.0,293.02,0.02,0.0,18.5,0.17,4240.35,7.15,0.0,0.0,0.0,1.61,9.97,new,4a,historical,2020,RefBldgMediumOffice
2_7_0_5,0.0,74.36,0.0,0.0,0.0,56.83,7546.22,0.0,0.0,0.0,0.0,17.3,0.06,new,4a,historical,2020,RefBldgMidriseApartment
2_7_1_4,0.0,235.42,0.07,0.0,14.83,2.83,4233.01,14.49,0.0,0.0,0.0,2.91,8.09,new,4a,historical,2020,RefBldgMediumOffice
2_7_1_5,0.0,54.06,0.0,0.0,0.0,383.0,7545.82,0.4,0.0,0.0,0.0,133.24,0.06,new,4a,historical,2020,RefBldgMidriseApartment
2_7_2_4,0.0,229.8,0.07,0.0,15.0,3.67,4231.61,15.89,0.0,0.0,0.0,3.21,8.09,new,4a,historical,2020,RefBldgMediumOffice
2_7_2_5,0.0,51.4,0.0,0.0,0.0,471.33,7544.47,1.75,0.0,0.0,0.0,177.52,0.05,new,4a,historical,2020,RefBldgMidriseApartment
2_7_3_4,0.0,227.85,0.07,0.0,15.0,3.33,4231.15,16.35,0.0,0.0,0.0,3.36,7.97,new,4a,historical,2020,RefBldgMediumOffice
2_7_3_5,0.0,50.81,0.0,0.0,0.0,504.83,7543.8,2.43,0.0,0.0,0.0,194.28,0.05,new,4a,historical,2020,RefBldgMidriseApartment
2_7_4_4,0.0,229.42,0.08,0.0,15.0,3.67,4231.23,16.27,0.0,0.0,0.0,3.3,8.13,new,4a,historical,2020,RefBldgMediumOffice
2_7_4_5,0.0,51.86,0.0,0.0,0.0,506.17,7543.95,2.27,0.0,0.0,0.0,193.26,0.05,new,4a,historical,2020,RefBldgMidriseApartment
2_7_5_4,0.0,232.91,0.08,0.0,16.17,3.17,4232.62,14.88,0.0,0.0,0.0,2.99,8.57,new,4a,historical,2020,RefBldgMediumOffice
2_7_5_5,0.0,51.78,0.0,0.0,0.0,392.67,7545.83,0.4,0.0,0.0,0.0,135.38,0.06,new,4a,historical,2020,RefBldgMidriseApartment
2_7_6_4,0.0,217.36,0.11,0.0,14.83,3.83,4229.65,17.85,0.0,0.0,0.0,3.44,8.08,new,4a,historical,2020,RefBldgMediumOffice
2_7_6_5,0.0,46.33,0.0,0.0,0.0,587.17,7542.54,3.69,0.0,0.0,0.0,233.76,0.06,new,4a,historical,2020,RefBldgMidriseApartment
2_7_7_4,0.0,205.34,0.13,0.0,14.33,7.0,4226.74,20.76,0.0,0.0,0.0,4.06,7.85,new,4a,historical,2020,RefBldgMediumOffice
2_7_7_5,0.0,42.45,0.03,0.0,0.0,782.83,7535.29,10.93,0.0,0.0,0.0,344.27,0.05,new,4a,historical,2020,RefBldgMidriseApartment
2_7_8_4,0.0,197.84,0.15,0.0,13.33,5.83,4225.42,22.08,0.0,0.0,0.0,4.19,7.44,new,4a,historical,2020,RefBldgMediumOffice
2_7_8_5,0.0,39.77,0.16,0.0,0.0,925.83,7526.59,19.64,0.0,0.0,0.0,428.8,0.05,new,4a,historical,2020,RefBldgMidriseApartment
2_7_9_4,0.0,223.43,0.09,0.0,14.83,3.33,4231.46,16.04,0.0,0.0,0.0,3.12,8.18,new,4a,historical,2020,RefBldgMediumOffice
2_7_9_5,0.0,49.07,0.0,0.0,0.0,493.67,7544.44,1.78,0.0,0.0,0.0,184.22,0.05,new,4a,historical,2020,RefBldgMidriseApartment
2_7_10_4,0.0,201.63,0.12,0.0,13.17,7.33,4226.6,20.9,0.0,0.0,0.0,4.1,7.43,new,4a,historical,2020,RefBldgMediumOffice
2_7_10_5,0.0,42.04,0.03,0.0,0.0,823.5,7534.23,11.99,0.0,0.0,0.0,364.84,0.05,new,4a,historical,2020,RefBldgMidriseApartment
2_7_11_4,0.0,181.02,0.18,0.0,13.17,9.17,4222.18,25.32,0.0,0.0,0.0,4.85,6.85,new,4a,historical,2020,RefBldgMediumOffice
2_7_11_5,0.0,34.41,1.53,0.0,0.0,1200.0,7491.33,54.89,0.0,0.0,0.0,680.08,0.05,new,4a,historical,2020,RefBldgMidriseApartment
2_7_12_4,0.0,155.84,0.26,0.0,11.83,24.33,4216.06,31.44,0.0,0.0,0.0,8.7,6.23,new,4a,historical,2020,RefBldgMediumOffice
2_7_12_5,0.0,25.44,11.95,0.0,0.0,1736.83,7376.21,161.52,8.49,0.0,0.0,1233.15,0.04,new,4a,historical,2020,RefBldgMidriseApartment
2_8_0_4,0.0,280.51,0.13,0.0,12.83,31.0,4246.99,0.51,0.0,0.0,0.0,5.91,6.05,new,4b,historical,2020,RefBldgMediumOffice
2_8_0_5,0.0,87.62,0.0,0.0,0.0,28.17,7546.22,0.0,0.0,0.0,0.0,10.77,0.04,new,4b,historical,2020,RefBldgMidriseApartment
2_8_1_4,0.0,204.78,0.52,0.0,9.5,52.67,4242.32,5.18,0.0,0.0,0.0,10.94,4.67,new,4b,historical,2020,RefBldgMediumOffice
2_8_1_5,0.0,55.84,0.0,0.0,0.0,349.17,7546.22,0.0,0.0,0.0,0.0,95.13,0.03,new,4b,historical,2020,RefBldgMidriseApartment
2_8_2_4,0.0,195.31,0.58,0.0,8.83,50.33,4240.57,6.93,0.0,0.0,0.0,10.94,4.48,new,4b,historical,2020,RefBldgMediumOffice
2_8_2_5,0.0,51.02,0.0,0.0,0.0,469.17,7546.22,0.0,0.0,0.0,0.0,121.71,0.03,new,4b,historical,2020,RefBldgMidriseApartment
2_8_3_4,0.0,192.85,0.65,0.0,8.5,49.83,4240.03,7.47,0.0,0.0,0.0,11.03,4.4,new,4b,historical,2020,RefBldgMediumOffice
2_8_3_5,0.0,49.49,0.0,0.0,0.0,501.0,7546.22,0.0,0.0,0.0,0.0,131.07,0.03,new,4b,historical,2020,RefBldgMidriseApartment
2_8_4_4,0.0,191.78,0.66,0.0,8.5,50.0,4240.44,7.06,0.0,0.0,0.0,10.88,4.36,new,4b,historical,2020,RefBldgMediumOffice
2_8_4_5,0.0,48.75,0.0,0.0,0.0,475.83,7546.22,0.0,0.0,0.0,0.0,126.42,0.03,new,4b,historical,2020,RefBldgMidriseApartment
2_8_5_4,0.0,208.97,0.51,0.0,9.5,48.83,4241.65,5.85,0.0,0.0,0.0,10.29,4.87,new,4b,historical,2020,RefBldgMediumOffice
2_8_5_5,0.0,58.15,0.0,0.0,0.0,264.0,7546.22,0.0,0.0,0.0,0.0,73.57,0.03,new,4b,historical,2020,RefBldgMidriseApartment
2_8_6_4,0.0,190.38,0.71,0.0,9.17,57.17,4239.02,8.48,0.0,0.0,0.0,11.85,4.48,new,4b,historical,2020,RefBldgMediumOffice
2_8_6_5,0.0,51.19,0.0,0.0,0.0,527.67,7546.22,0.0,0.0,0.0,0.0,129.1,0.03,new,4b,historical,2020,RefBldgMidriseApartment
2_8_7_4,0.0,173.97,0.79,0.0,8.0,64.67,4236.96,10.54,0.0,0.0,0.0,13.01,4.24,new,4b,historical,2020,RefBldgMediumOffice
2_8_7_5,0.0,43.66,0.0,0.0,0.0,734.83,7546.22,0.0,0.0,0.0,0.0,185.53,0.03,new,4b,historical,2020,RefBldgMidriseApartment
2_8_8_4,0.0,163.25,0.78,0.0,7.83,64.67,4235.25,12.25,0.0,0.0,0.0,14.24,3.96,new,4b,historical,2020,RefBldgMediumOffice
2_8_8_5,0.0,39.72,0.0,0.0,0.0,919.17,7546.22,0.0,0.0,0.0,0.0,246.51,0.03,new,4b,historical,2020,RefBldgMidriseApartment
2_8_9_4,0.0,197.85,0.62,0.0,9.5,50.5,4240.42,7.08,0.0,0.0,0.0,10.68,4.67,new,4b,historical,2020,RefBldgMediumOffice
2_8_9_5,0.0,53.39,0.0,0.0,0.0,353.67,7546.22,0.0,0.0,0.0,0.0,88.3,0.03,new,4b,historical,2020,RefBldgMidriseApartment
2_8_10_4,0.0,166.5,0.88,0.0,8.0,70.33,4235.97,11.53,0.0,0.0,0.0,14.31,4.15,new,4b,historical,2020,RefBldgMediumOffice
2_8_10_5,0.0,40.44,0.0,0.0,0.0,836.83,7546.22,0.0,0.0,0.0,0.0,205.88,0.03,new,4b,historical,2020,RefBldgMidriseApartment
2_8_11_4,0.0,140.1,1.28,0.0,6.33,88.17,4231.45,16.05,0.0,0.0,0.0,19.12,3.53,new,4b,historical,2020,RefBldgMediumOffice
2_8_11_5,0.0,30.25,0.0,0.0,0.0,1421.0,7546.22,0.01,0.0,0.0,0.0,450.36,0.03,new,4b,historical,2020,RefBldgMidriseApartment
2_8_12_4,0.0,114.72,1.8,0.0,4.83,113.5,4230.34,17.16,0.0,0.0,0.0,24.56,3.0,new,4b,historical,2020,RefBldgMediumOffice
2_8_12_5,0.0,21.88,0.18,0.0,0.0,2132.33,7519.51,26.71,0.0,0.0,0.0,998.19,0.03,new,4b,historical,2020,RefBldgMidriseApartment
2_9_0_4,0.0,595.83,0.0,0.0,12.17,0.0,4247.43,0.07,0.0,0.0,0.0,0.03,5.1,new,4c,historical,2020,RefBldgMediumOffice
2_9_0_5,0.0,371.11,0.0,0.0,0.0,0.0,7546.22,0.0,0.0,0.0,0.0,0.28,0.06,new,4c,historical,2020,RefBldgMidriseApartment
2_9_1_4,0.0,475.63,0.01,0.0,7.67,0.0,4246.45,1.05,0.0,0.0,0.0,0.17,3.67,new,4c,historical,2020,RefBldgMediumOffice
2_9_1_5,0.0,222.2,0.0,0.0,0.0,55.0,7546.22,0.0,0.0,0.0,0.0,11.69,0.04,new,4c,historical,2020,RefBldgMidriseApartment
2_9_2_4,0.0,461.33,0.02,0.0,7.33,0.0,4246.36,1.14,0.0,0.0,0.0,0.19,3.55,new,4c,historical,2020,RefBldgMediumOffice
2_9_2_5,0.0,206.09,0.0,0.0,0.0,69.33,7546.22,0.0,0.0,0.0,0.0,14.59,0.04,new,4c,historical,2020,RefBldgMidriseApartment
2_9_3_4,0.0,460.34,0.02,0.0,7.33,0.0,4246.22,1.28,0.0,0.0,0.0,0.22,3.5,new,4c,historical,2020,RefBldgMediumOffice
2_9_3_5,0.0,209.84,0.0,0.0,0.0,84.33,7546.22,0.0,0.0,0.0,0.0,18.15,0.04,new,4c,historical,2020,RefBldgMidriseApartment
2_9_4_4,0.0,462.31,0.02,0.0,7.67,0.0,4245.87,1.63,0.0,0.0,0.0,0.3,3.59,new,4c,historical,2020,RefBldgMediumOffice
2_9_4_5,0.0,212.84,0.0,0.0,0.0,102.67,7546.22,0.0,0.0,0.0,0.0,23.6,0.04,new,4c,historical,2020,RefBldgMidriseApartment
2_9_5_4,0.0,476.15,0.01,0.0,8.5,0.0,4246.87,0.63,0.0,0.0,0.0,0.13,3.83,new,4c,historical,2020,RefBldgMediumOffice
2_9_5_5,0.0,223.58,0.0,0.0,0.0,38.33,7546.22,0.0,0.0,0.0,0.0,7.94,0.04,new,4c,historical,2020,RefBldgMidriseApartment
2_9_6_4,0.0,446.62,0.02,0.0,7.67,0.0,4246.21,1.29,0.0,0.0,0.0,0.22,3.52,new,4c,historical,2020,RefBldgMediumOffice
2_9_6_5,0.0,194.85,0.0,0.0,0.0,77.17,7546.22,0.0,0.0,0.0,0.0,16.31,0.04,new,4c,historical,2020,RefBldgMidriseApartment
2_9_7_4,0.0,423.29,0.03,0.0,7.0,0.0,4245.43,2.07,0.0,0.0,0.0,0.46,3.26,new,4c,historical,2020,RefBldgMediumOffice
2_9_7_5,0.0,175.12,0.0,0.0,0.0,133.5,7546.22,0.0,0.0,0.0,0.0,35.17,0.04,new,4c,historical,2020,RefBldgMidriseApartment
2_9_8_4,0.0,407.19,0.04,0.0,6.67,0.0,4245.15,2.35,0.0,0.0,0.0,0.53,3.03,new,4c,historical,2020,RefBldgMediumOffice
2_9_8_5,0.0,160.91,0.0,0.0,0.0,148.67,7546.22,0.0,0.0,0.0,0.0,39.41,0.04,new,4c,historical,2020,RefBldgMidriseApartment
2_9_9_4,0.0,458.28,0.02,0.0,7.33,0.0,4246.43,1.07,0.0,0.0,0.0,0.18,3.57,new,4c,historical,2020,RefBldgMediumOffice
2_9_9_5,0.0,208.5,0.0,0.0,0.0,59.0,7546.22,0.0,0.0,0.0,0.0,12.18,0.04,new,4c,historical,2020,RefBldgMidriseApartment
2_9_10_4,0.0,409.62,0.04,0.0,6.67,0.0,4245.31,2.19,0.0,0.0,0.0,0.5,3.14,new,4c,historical,2020,RefBldgMediumOffice
2_9_10_5,0.0,160.36,0.0,0.0,0.0,143.5,7546.22,0.0,0.0,0.0,0.0,36.46,0.04,new,4c,historical,2020,RefBldgMidriseApartment
2_9_11_4,0.0,366.64,0.08,0.0,5.67,0.33,4243.35,4.15,0.0,0.0,0.0,0.73,2.76,new,4c,historical,2020,RefBldgMediumOffice
2_9_11_5,0.0,126.62,0.0,0.0,0.0,275.33,7545.98,0.25,0.0,0.0,0.0,88.86,0.03,new,4c,historical,2020,RefBldgMidriseApartment
2_9_12_4,0.0,319.95,0.12,0.0,4.67,1.0,4241.03,6.47,0.0,0.0,0.0,1.38,2.33,new,4c,historical,2020,RefBldgMediumOffice
2_9_12_5,0.0,94.49,0.07,0.0,0.0,550.83,7538.46,7.76,0.0,0.0,0.0,205.39,0.03,new,4c,historical,2020,RefBldgMidriseApartment
2_10_0_4,0.0,412.5,0.29,0.0,21.33,0.17,4241.94,5.56,0.0,0.0,0.0,1.15,10.92,new,5a,historical,2020,RefBldgMediumOffice
2_10_0_5,0.0,189.9,0.0,0.0,0.0,9.0,7546.22,0.0,0.0,0.0,0.0,4.68,0.08,new,5a,historical,2020,RefBldgMidriseApartment
2_10_1_4,0.0,323.6,0.47,0.0,18.0,1.33,4237.82,9.68,0.0,0.0,0.0,2.01,9.61,new,5a,historical,2020,RefBldgMediumOffice
2_10_1_5,0.0,134.33,0.02,0.0,0.0,272.67,7541.22,5.0,0.0,0.0,0.0,110.25,0.07,new,5a,historical,2020,RefBldgMidriseApartment
2_10_2_4,0.0,310.19,0.48,0.0,18.0,3.67,4236.75,10.75,0.0,0.0,0.0,2.2,9.44,new,5a,historical,2020,RefBldgMediumOffice
2_10_2_5,0.0,122.74,0.33,0.0,0.0,346.0,7533.99,12.23,0.0,0.0,0.0,155.93,0.07,new,5a,historical,2020,RefBldgMidriseApartment
2_10_3_4,0.0,306.43,0.51,0.0,17.33,8.33,4236.29,11.21,0.0,0.0,0.0,2.73,9.21,new,5a,historical,2020,RefBldgMediumOffice
2_10_3_5,0.0,119.67,0.6,0.0,0.0,383.17,7530.41,15.81,0.0,0.0,0.0,176.79,0.07,new,5a,historical,2020,RefBldgMidriseApartment
2_10_4_4,0.0,303.26,0.54,0.0,17.5,10.33,4236.3,11.2,0.0,0.0,0.0,3.29,9.25,new,5a,historical,2020,RefBldgMediumOffice
2_10_4_5,0.0,114.1,0.9,0.0,0.0,408.5,7526.82,19.25,0.15,0.0,0.0,196.08,0.07,new,5a,historical,2020,RefBldgMidriseApartment
2_10_5_4,0.0,323.09,0.43,0.0,18.67,2.17,4238.28,9.22,0.0,0.0,0.0,2.05,9.52,new,5a,historical,2020,RefBldgMediumOffice
2_10_5_5,0.0,127.84,0.0,0.0,0.0,205.17,7545.75,0.48,0.0,0.0,0.0,72.64,0.07,new,5a,historical,2020,RefBldgMidriseApartment
2_10_6_4,0.0,298.18,0.53,0.0,17.67,2.67,4235.33,12.17,0.0,0.0,0.0,2.39,9.28,new,5a,historical,2020,RefBldgMediumOffice
2_10_6_5,0.0,110.32,0.16,0.0,0.0,357.0,7536.68,9.54,0.0,0.0,0.0,149.68,0.07,new,5a,historical,2020,RefBldgMidriseApartment
2_10_7_4,0.0,279.62,0.56,0.0,17.17,8.67,4233.87,13.63,0.0,0.0,0.0,2.93,9.05,new,5a,historical,2020,RefBldgMediumOffice
2_10_7_5,0.0,96.47,1.15,0.0,0.0,540.0,7524.3,21.73,0.2,0.0,0.0,232.12,0.08,new,5a,historical,2020,RefBldgMidriseApartment
2_10_8_4,0.0,270.64,0.64,0.0,16.5,14.33,4232.07,15.43,0.0,0.0,0.0,4.11,8.76,new,5a,historical,2020,RefBldgMediumOffice
2_10_8_5,0.0,94.03,2.1,0.0,0.0,645.33,7515.67,30.1,0.45,0.0,0.0,286.93,0.07,new,5a,historical,2020,RefBldgMidriseApartment
2_10_9_4,0.0,309.73,0.43,0.0,18.17,2.0,4237.59,9.91,0.0,0.0,0.0,2.07,9.32,new,5a,historical,2020,RefBldgMediumOffice
2_10_9_5,0.0,116.72,0.0,0.0,0.0,247.5,7544.94,1.28,0.0,0.0,0.0,86.82,0.06,new,5a,historical,2020,RefBldgMidriseApartment
2_10_10_4,0.0,270.46,0.52,0.0,16.5,4.17,4232.73,14.77,0.0,0.0,0.0,2.62,8.7,new,5a,historical,2020,RefBldgMediumOffice
2_10_10_5,0.0,89.93,0.75,0.0,0.0,517.0,7527.47,18.75,0.0,0.0,0.0,219.23,0.06,new,5a,historical,2020,RefBldgMidriseApartment
2_10_11_4,0.0,234.83,0.66,0.0,15.17,43.0,4226.05,21.45,0.0,0.0,0.0,13.48,8.19,new,5a,historical,2020,RefBldgMediumOffice
2_10_11_5,0.0,68.47,9.23,0.0,0.0,978.5,7478.6,61.68,5.94,0.0,0.0,511.95,0.05,new,5a,historical,2020,RefBldgMidriseApartment
2_10_12_4,0.0,198.3,2.32,0.0,13.5,99.33,4212.31,35.19,0.0,0.0,0.0,69.55,7.46,new,5a,historical,2020,RefBldgMediumOffice
2_10_12_5,0.0,49.71,39.88,0.0,0.0,1588.5,7369.01,140.18,35.77,1.26,0.0,1060.29,0.06,new,5a,historical,2020,RefBldgMidriseApartment
2_11_0_4,0.0,492.18,0.0,0.0,14.33,0.0,4247.45,0.05,0.0,0.0,0.0,0.69,7.92,new,5b,historical,2020,RefBldgMediumOffice
2_11_0_5,0.0,326.46,0.0,0.0,0.0,0.0,7546.22,0.0,0.0,0.0,0.0,0.88,0.06,new,5b,historical,2020,RefBldgMidriseApartment
2_11_1_4,0.0,395.78,0.0,0.0,11.33,0.0,4246.19,1.31,0.0,0.0,0.0,1.42,6.48,new,5b,historical,2020,RefBldgMediumOffice
2_11_1_5,0.0,239.56,0.0,0.0,0.0,21.5,7546.22,0.0,0.0,0.0,0.0,6.34,0.04,new,5b,historical,2020,RefBldgMidriseApartment
2_11_2_4,0.0,381.45,0.0,0.0,11.33,0.5,4245.9,1.6,0.0,0.0,0.0,1.51,6.38,new,5b,historical,2020,RefBldgMediumOffice
2_11_2_5,0.0,226.7,0.0,0.0,0.0,35.67,7546.22,0.0,0.0,0.0,0.0,9.16,0.05,new,5b,historical,2020,RefBldgMidriseApartment
2_11_3_4,0.0,378.5,0.0,0.0,10.83,0.17,4245.81,1.69,0.0,0.0,0.0,1.56,6.34,new,5b,historical,2020,RefBldgMediumOffice
2_11_3_5,0.0,224.64,0.0,0.0,0.0,39.5,7546.22,0.0,0.0,0.0,0.0,10.9,0.05,new,5b,historical,2020,RefBldgMidriseApartment
2_11_4_4,0.0,381.08,0.0,0.0,10.67,0.17,4245.69,1.81,0.0,0.0,0.0,1.62,6.33,new,5b,historical,2020,RefBldgMediumOffice
2_11_4_5,0.0,228.69,0.0,0.0,0.0,42.67,7546.22,0.0,0.0,0.0,0.0,11.08,0.05,new,5b,historical,2020,RefBldgMidriseApartment
2_11_5_4,0.0,393.54,0.0,0.0,12.0,0.0,4246.19,1.31,0.0,0.0,0.0,1.4,6.68,new,5b,historical,2020,RefBldgMediumOffice
2_11_5_5,0.0,238.62,0.0,0.0,0.0,15.67,7546.22,0.0,0.0,0.0,0.0,5.48,0.05,new,5b,historical,2020,RefBldgMidriseApartment
2_11_6_4,0.0,367.15,0.01,0.0,11.0,0.5,4245.3,2.2,0.0,0.0,0.0,1.72,6.33,new,5b,historical,2020,RefBldgMediumOffice
2_11_6_5,0.0,217.73,0.0,0.0,0.0,36.33,7546.22,0.0,0.0,0.0,0.0,9.98,0.05,new,5b,historical,2020,RefBldgMidriseApartment
2_11_7_4,0.0,347.05,0.02,0.0,10.67,1.0,4243.68,3.82,0.0,0.0,0.0,2.07,6.18,new,5b,historical,2020,RefBldgMediumOffice
2_11_7_5,0.0,200.9,0.0,0.0,0.0,59.33,7546.22,0.0,0.0,0.0,0.0,16.02,0.05,new,5b,historical,2020,RefBldgMidriseApartment
2_11_8_4,0.0,333.54,0.02,0.0,10.33,2.5,4242.25,5.25,0.0,0.0,0.0,2.41,5.93,new,5b,historical,2020,RefBldgMediumOffice
2_11_8_5,0.0,189.73,0.0,0.0,0.0,80.67,7546.22,0.0,0.0,0.0,0.0,21.65,0.05,new,5b,historical,2020,RefBldgMidriseApartment
2_11_9_4,0.0,379.69,0.01,0.0,11.33,0.17,4245.81,1.69,0.0,0.0,0.0,1.55,6.51,new,5b,historical,2020,RefBldgMediumOffice
2_11_9_5,0.0,225.09,0.0,0.0,0.0,18.5,7546.22,0.0,0.0,0.0,0.0,6.37,0.04,new,5b,historical,2020,RefBldgMidriseApartment
2_11_10_4,0.0,338.17,0.02,0.0,10.33,1.17,4243.45,4.05,0.0,0.0,0.0,2.08,6.14,new,5b,historical,2020,RefBldgMediumOffice
2_11_10_5,0.0,189.81,0.0,0.0,0.0,58.67,7546.22,0.0,0.0,0.0,0.0,15.81,0.05,new,5b,historical,2020,RefBldgMidriseApartment
2_11_11_4,0.0,300.65,0.04,0.0,9.67,2.67,4238.93,8.57,0.0,0.0,0.0,3.22,5.6,new,5b,historical,2020,RefBldgMediumOffice
2_11_11_5,0.0,159.74,0.0,0.0,0.0,187.0,7546.22,0.0,0.0,0.0,0.0,41.63,0.04,new,5b,historical,2020,RefBldgMidriseApartment
2_11_12_4,0.0,258.18,0.11,0.0,7.83,4.0,4232.51,14.99,0.0,0.0,0.0,5.0,4.95,new,5b,historical,2020,RefBldgMediumOffice
2_11_12_5,0.0,123.46,0.0,0.0,0.0,622.83,7546.22,0.0,0.0,0.0,0.0,117.23,0.04,new,5b,historical,2020,RefBldgMidriseApartment
2_12_0_4,0.0,542.47,0.05,0.0,25.17,0.83,4242.62,4.88,0.0,0.0,0.0,1.18,13.7,new,6a,historical,2020,RefBldgMediumOffice
2_12_0_5,0.0,271.93,0.0,0.0,0.0,10.17,7546.22,0.0,0.0,0.0,0.0,2.62,0.11,new,6a,historical,2020,RefBldgMidriseApartment
2_12_1_4,0.0,457.7,0.06,0.0,22.0,1.0,4238.72,8.78,0.0,0.0,0.0,1.66,12.03,new,6a,historical,2020,RefBldgMediumOffice
2_12_1_5,0.0,214.6,0.0,0.0,0.0,195.0,7545.94,0.28,0.0,0.0,0.0,51.65,0.09,new,6a,historical,2020,RefBldgMidriseApartment
2_12_2_4,0.0,443.54,0.07,0.0,22.17,4.0,4236.69,10.81,0.0,0.0,0.0,2.27,12.03,new,6a,historical,2020,RefBldgMediumOffice
2_12_2_5,0.0,205.43,0.0,0.0,0.0,269.17,7544.07,2.15,0.0,0.0,0.0,73.84,0.08,new,6a,historical,2020,RefBldgMidriseApartment
2_12_3_4,0.0,443.39,0.08,0.0,22.17,7.33,4236.31,11.19,0.0,0.0,0.0,2.59,11.77,new,6a,historical,2020,RefBldgMediumOffice
2_12_3_5,0.0,209.14,0.0,0.0,0.0,285.83,7543.33,2.89,0.0,0.0,0.0,82.21,0.07,new,6a,historical,2020,RefBldgMidriseApartment
2_12_4_4,0.0,446.11,0.07,0.0,22.17,4.33,4236.92,10.58,0.0,0.0,0.0,2.18,11.98,new,6a,historical,2020,RefBldgMediumOffice
2_12_4_5,0.0,207.01,0.0,0.0,0.0,267.5,7543.73,2.49,0.0,0.0,0.0,76.53,0.09,new,6a,historical,2020,RefBldgMidriseApartment
2_12_5_4,0.0,451.44,0.06,0.0,22.0,0.83,4238.94,8.56,0.0,0.0,0.0,1.73,12.29,new,6a,historical,2020,RefBldgMediumOffice
2_12_5_5,0.0,204.3,0.0,0.0,0.0,130.83,7546.22,0.0,0.0,0.0,0.0,32.77,0.08,new,6a,historical,2020,RefBldgMidriseApartment
2_12_6_4,0.0,431.75,0.06,0.0,22.17,1.17,4237.69,9.81,0.0,0.0,0.0,1.81,11.8,new,6a,historical,2020,RefBldgMediumOffice
2_12_6_5,0.0,191.6,0.0,0.0,0.0,229.0,7546.06,0.16,0.0,0.0,0.0,57.47,0.09,new,6a,historical,2020,RefBldgMidriseApartment
2_12_7_4,0.0,413.68,0.08,0.0,21.0,4.67,4234.63,12.87,0.0,0.0,0.0,2.55,11.22,new,6a,historical,2020,RefBldgMediumOffice
2_12_7_5,0.0,179.37,0.0,0.0,0.0,306.0,7542.96,3.26,0.0,0.0,0.0,92.53,0.09,new,6a,historical,2020,RefBldgMidriseApartment
2_12_8_4,0.0,397.95,0.09,0.0,20.83,13.67,4232.81,14.69,0.0,0.0,0.0,3.98,11.06,new,6a,historical,2020,RefBldgMediumOffice
2_12_8_5,0.0,168.76,0.0,0.0,0.0,355.67,7540.03,6.19,0.0,0.0,0.0,116.2,0.08,new,6a,historical,2020,RefBldgMidriseApartment
2_12_9_4,0.0,439.03,0.05,0.0,21.83,1.5,4237.97,9.53,0.0,0.0,0.0,1.78,11.82,new,6a,historical,2020,RefBldgMediumOffice
2_12_9_5,0.0,196.36,0.0,0.0,0.0,169.83,7546.22,0.0,0.0,0.0,0.0,44.98,0.07,new,6a,historical,2020,RefBldgMidriseApartment
2_12_10_4,0.0,397.87,0.08,0.0,20.67,4.17,4233.73,13.77,0.0,0.0,0.0,2.55,10.85,new,6a,historical,2020,RefBldgMediumOffice
2_12_10_5,0.0,166.64,0.0,0.0,0.0,330.17,7542.75,3.48,0.0,0.0,0.0,97.46,0.08,new,6a,historical,2020,RefBldgMidriseApartment
2_12_11_4,0.0,362.52,0.11,0.0,19.0,30.17,4230.63,16.87,0.0,0.0,0.0,9.51,10.33,new,6a,historical,2020,RefBldgMediumOffice
2_12_11_5,0.0,145.2,0.41,0.0,0.0,504.17,7525.22,21.0,0.0,0.0,0.0,197.91,0.09,new,6a,historical,2020,RefBldgMidriseApartment
2_12_12_4,0.0,325.8,0.6,0.0,19.17,64.0,4225.18,22.32,0.0,0.0,0.0,39.07,9.9,new,6a,historical,2020,RefBldgMediumOffice
2_12_12_5,0.0,123.67,6.1,0.0,0.0,820.17,7483.88,58.62,3.73,0.0,0.0,393.29,0.08,new,6a,historical,2020,RefBldgMidriseApartment
2_13_0_4,0.0,663.22,0.0,0.0,14.17,0.0,4247.5,0.0,0.0,0.0,0.0,0.44,8.28,new,6b,historical,2020,RefBldgMediumOffice
2_13_0_5,0.0,502.1,0.0,0.0,0.0,0.67,7546.22,0.0,0.0,0.0,0.0,0.72,0.08,new,6b,historical,2020,RefBldgMidriseApartment
2_13_1_4,0.0,547.87,0.0,0.0,12.5,0.17,4246.95,0.55,0.0,0.0,0.0,1.26,7.21,new,6b,historical,2020,RefBldgMediumOffice
2_13_1_5,0.0,369.44,0.0,0.0,0.0,45.17,7546.22,0.0,0.0,0.0,0.0,7.28,0.05,new,6b,historical,2020,RefBldgMidriseApartment
2_13_2_4,0.0,533.77,0.0,0.0,12.33,0.33,4246.79,0.71,0.0,0.0,0.0,1.36,7.07,new,6b,historical,2020,RefBldgMediumOffice
2_13_2_5,0.0,354.87,0.0,0.0,0.0,61.33,7546.22,0.0,0.0,0.0,0.0,9.79,0.06,new,6b,historical,2020,RefBldgMidriseApartment
2_13_3_4,0.0,530.57,0.0,0.0,12.0,0.83,4246.54,0.96,0.0,0.0,0.0,1.53,6.95,new,6b,historical,2020,RefBldgMediumOffice
2_13_3_5,0.0,354.25,0.0,0.0,0.0,69.17,7546.22,0.0,0.0,0.0,0.0,10.89,0.05,new,6b,historical,2020,RefBldgMidriseApartment
2_13_4_4,0.0,530.7,0.0,0.0,12.5,0.83,4246.69,0.81,0.0,0.0,0.0,1.48,6.98,new,6b,historical,2020,RefBldgMediumOffice
2_13_4_5,0.0,353.19,0.0,0.0,0.0,74.33,7546.22,0.0,0.0,0.0,0.0,11.45,0.06,new,6b,historical,2020,RefBldgMidriseApartment
2_13_5_4,0.0,547.13,0.0,0.0,12.67,0.33,4247.12,0.38,0.0,0.0,0.0,1.08,7.27,new,6b,historical,2020,RefBldgMediumOffice
2_13_5_5,0.0,367.64,0.0,0.0,0.0,14.67,7546.22,0.0,0.0,0.0,0.0,4.42,0.06,new,6b,historical,2020,RefBldgMidriseApartment
2_13_6_4,0.0,521.24,0.0,0.0,12.33,0.33,4246.64,0.86,0.0,0.0,0.0,1.28,7.07,new,6b,historical,2020,RefBldgMediumOffice
2_13_6_5,0.0,342.29,0.0,0.0,0.0,40.33,7546.22,0.0,0.0,0.0,0.0,7.5,0.06,new,6b,historical,2020,RefBldgMidriseApartment
2_13_7_4,0.0,499.77,0.0,0.0,11.5,0.83,4246.1,1.4,0.0,0.0,0.0,1.59,6.76,new,6b,historical,2020,RefBldgMediumOffice
2_13_7_5,0.0,322.64,0.0,0.0,0.0,69.83,7546.22,0.0,0.0,0.0,0.0,11.55,0.06,new,6b,historical,2020,RefBldgMidriseApartment
2_13_8_4,0.0,479.02,0.0,0.0,10.5,0.67,4245.44,2.06,0.0,0.0,0.0,1.77,6.44,new,6b,historical,2020,RefBldgMediumOffice
2_13_8_5,0.0,302.56,0.0,0.0,0.0,93.17,7546.22,0.0,0.0,0.0,0.0,14.8,0.05,new,6b,historical,2020,RefBldgMidriseApartment
2_13_9_4,0.0,533.16,0.0,0.0,12.17,0.33,4246.75,0.75,0.0,0.0,0.0,1.19,7.12,new,6b,historical,2020,RefBldgMediumOffice
2_13_9_5,0.0,355.92,0.0,0.0,0.0,43.17,7546.22,0.0,0.0,0.0,0.0,7.35,0.05,new,6b,historical,2020,RefBldgMidriseApartment
2_13_10_4,0.0,486.75,0.0,0.0,11.33,0.67,4245.57,1.93,0.0,0.0,0.0,1.67,6.63,new,6b,historical,2020,RefBldgMediumOffice
2_13_10_5,0.0,309.85,0.0,0.0,0.0,94.67,7546.22,0.0,0.0,0.0,0.0,14.95,0.06,new,6b,historical,2020,RefBldgMidriseApartment
2_13_11_4,0.0,440.25,0.0,0.0,9.83,1.17,4243.0,4.5,0.0,0.0,0.0,2.24,6.09,new,6b,historical,2020,RefBldgMediumOffice
2_13_11_5,0.0,266.33,0.0,0.0,0.0,192.5,7546.22,0.0,0.0,0.0,0.0,29.9,0.05,new,6b,historical,2020,RefBldgMidriseApartment
2_13_12_4,0.0,389.87,0.0,0.0,9.0,2.0,4240.32,7.18,0.0,0.0,0.0,2.79,5.75,new,6b,historical,2020,RefBldgMediumOffice
2_13_12_5,0.0,220.58,0.0,0.0,0.0,391.5,7546.22,0.0,0.0,0.0,0.0,64.85,0.05,new,6b,historical,2020,RefBldgMidriseApartment
2_14_0_4,0.0,763.29,0.0,0.0,29.33,0.0,4247.17,0.33,0.0,0.0,0.0,0.09,15.34,new,7a,historical,2020,RefBldgMediumOffice
2_14_0_5,0.0,557.14,0.0,0.0,0.0,0.0,7546.22,0.0,0.0,0.0,0.0,0.25,0.09,new,7a,historical,2020,RefBldgMidriseApartment
2_14_1_4,0.0,645.89,0.0,0.0,26.67,0.0,4245.87,1.63,0.0,0.0,0.0,0.23,13.33,new,7a,historical,2020,RefBldgMediumOffice
2_14_1_5,0.0,412.99,0.0,0.0,0.0,34.17,7546.22,0.0,0.0,0.0,0.0,5.69,0.11,new,7a,historical,2020,RefBldgMidriseApartment
2_14_2_4,0.0,631.89,0.0,0.0,26.17,0.33,4245.17,2.33,0.0,0.0,0.0,0.38,13.29,new,7a,historical,2020,RefBldgMediumOffice
2_14_2_5,0.0,396.86,0.0,0.0,0.0,51.17,7546.22,0.0,0.0,0.0,0.0,10.55,0.11,new,7a,historical,2020,RefBldgMidriseApartment
2_14_3_4,0.0,629.63,0.0,0.0,26.33,0.17,4244.9,2.6,0.0,0.0,0.0,0.43,13.34,new,7a,historical,2020,RefBldgMediumOffice
2_14_3_5,0.0,396.04,0.0,0.0,0.0,57.0,7546.22,0.0,0.0,0.0,0.0,12.54,0.1,new,7a,historical,2020,RefBldgMidriseApartment
2_14_4_4,0.0,628.3,0.0,0.0,26.17,0.17,4244.97,2.53,0.0,0.0,0.0,0.41,13.36,new,7a,historical,2020,RefBldgMediumOffice
2_14_4_5,0.0,394.03,0.0,0.0,0.0,53.83,7546.22,0.0,0.0,0.0,0.0,11.61,0.08,new,7a,historical,2020,RefBldgMidriseApartment
2_14_5_4,0.0,643.41,0.0,0.0,26.33,0.17,4246.52,0.98,0.0,0.0,0.0,0.21,13.55,new,7a,historical,2020,RefBldgMediumOffice
2_14_5_5,0.0,406.7,0.0,0.0,0.0,13.67,7546.22,0.0,0.0,0.0,0.0,3.08,0.11,new,7a,historical,2020,RefBldgMidriseApartment
2_14_6_4,0.0,616.47,0.0,0.0,26.33,0.17,4245.59,1.91,0.0,0.0,0.0,0.27,13.25,new,7a,historical,2020,RefBldgMediumOffice
2_14_6_5,0.0,378.65,0.0,0.0,0.0,35.33,7546.22,0.0,0.0,0.0,0.0,6.45,0.11,new,7a,historical,2020,RefBldgMidriseApartment
2_14_7_4,0.0,594.03,0.0,0.0,26.17,0.5,4244.65,2.85,0.0,0.0,0.0,0.43,12.67,new,7a,historical,2020,RefBldgMediumOffice
2_14_7_5,0.0,356.62,0.0,0.0,0.0,51.17,7546.22,0.0,0.0,0.0,0.0,10.76,0.11,new,7a,historical,2020,RefBldgMidriseApartment
2_14_8_4,0.0,571.55,0.01,0.0,24.83,0.17,4243.95,3.55,0.0,0.0,0.0,0.56,12.45,new,7a,historical,2020,RefBldgMediumOffice
2_14_8_5,0.0,331.29,0.0,0.0,0.0,62.83,7546.22,0.0,0.0,0.0,0.0,14.29,0.1,new,7a,historical,2020,RefBldgMidriseApartment
2_14_9_4,0.0,629.62,0.0,0.0,26.33,0.17,4245.62,1.88,0.0,0.0,0.0,0.28,13.42,new,7a,historical,2020,RefBldgMediumOffice
2_14_9_5,0.0,396.56,0.0,0.0,0.0,39.83,7546.22,0.0,0.0,0.0,0.0,6.77,0.1,new,7a,historical,2020,RefBldgMidriseApartment
2_14_10_4,0.0,582.62,0.01,0.0,25.33,0.67,4244.11,3.39,0.0,0.0,0.0,0.54,12.7,new,7a,historical,2020,RefBldgMediumOffice
2_14_10_5,0.0,345.79,0.0,0.0,0.0,64.83,7546.22,0.0,0.0,0.0,0.0,15.03,0.1,new,7a,historical,2020,RefBldgMidriseApartment
2_14_11_4,0.0,535.12,0.01,0.0,23.83,8.17,4242.56,4.94,0.0,0.0,0.0,1.59,11.87,new,7a,historical,2020,RefBldgMediumOffice
2_14_11_5,0.0,293.9,0.0,0.0,0.0,126.67,7544.46,1.76,0.0,0.0,0.0,33.28,0.08,new,7a,historical,2020,RefBldgMidriseApartment
2_14_12_4,0.0,484.19,0.02,0.0,22.5,20.33,4240.35,7.15,0.0,0.0,0.0,6.67,11.2,new,7a,historical,2020,RefBldgMediumOffice
2_14_12_5,0.0,239.73,0.31,0.0,0.0,249.67,7538.95,7.12,0.15,0.0,0.0,75.55,0.08,new,7a,historical,2020,RefBldgMidriseApartment
2_15_0_4,0.0,1148.92,0.0,0.0,52.83,0.0,4247.5,0.0,0.0,0.0,0.0,0.06,23.73,new,8a,historical,2020,RefBldgMediumOffice
2_15_0_5,0.0,1023.18,0.0,0.0,0.0,0.0,7546.22,0.0,0.0,0.0,0.0,0.04,0.1,new,8a,historical,2020,RefBldgMidriseApartment
2_15_1_4,0.0,914.89,0.0,0.0,42.17,0.0,4247.12,0.38,0.0,0.0,0.0,0.15,19.29,new,8a,historical,2020,RefBldgMediumOffice
2_15_1_5,0.0,720.93,0.0,0.0,0.0,0.0,7546.22,0.0,0.0,0.0,0.0,0.31,0.08,new,8a,historical,2020,RefBldgMidriseApartment
2_15_2_4,0.0,896.75,0.0,0.0,41.33,0.0,4246.94,0.56,0.0,0.0,0.0,0.21,19.02,new,8a,historical,2020,RefBldgMediumOffice
2_15_2_5,0.0,695.67,0.0,0.0,0.0,0.0,7546.22,0.0,0.0,0.0,0.0,0.36,0.08,new,8a,historical,2020,RefBldgMidriseApartment
2_15_3_4,0.0,910.09,0.0,0.0,41.17,0.0,4247.05,0.45,0.0,0.0,0.0,0.17,19.04,new,8a,historical,2020,RefBldgMediumOffice
2_15_3_5,0.0,714.28,0.0,0.0,0.0,0.0,7546.22,0.0,0.0,0.0,0.0,0.32,0.07,new,8a,historical,2020,RefBldgMidriseApartment
2_15_4_4,0.0,932.62,0.0,0.0,41.67,0.0,4247.31,0.19,0.0,0.0,0.0,0.12,19.32,new,8a,historical,2020,RefBldgMediumOffice
2_15_4_5,0.0,746.81,0.0,0.0,0.0,0.0,7546.22,0.0,0.0,0.0,0.0,0.25,0.08,new,8a,historical,2020,RefBldgMidriseApartment
2_15_5_4,0.0,945.39,0.0,0.0,42.5,0.0,4247.33,0.17,0.0,0.0,0.0,0.13,19.5,new,8a,historical,2020,RefBldgMediumOffice
2_15_5_5,0.0,754.67,0.0,0.0,0.0,0.0,7546.22,0.0,0.0,0.0,0.0,0.19,0.1,new,8a,historical,2020,RefBldgMidriseApartment
2_15_6_4,0.0,917.42,0.0,0.0,40.67,0.0,4247.25,0.25,0.0,0.0,0.0,0.13,18.68,new,8a,historical,2020,RefBldgMediumOffice
2_15_6_5,0.0,715.1,0.0,0.0,0.0,0.0,7546.22,0.0,0.0,0.0,0.0,0.24,0.09,new,8a,historical,2020,RefBldgMidriseApartment
2_15_7_4,0.0,894.44,0.0,0.0,40.67,0.0,4247.04,0.46,0.0,0.0,0.0,0.16,18.67,new,8a,historical,2020,RefBldgMediumOffice
2_15_7_5,0.0,681.85,0.0,0.0,0.0,0.0,7546.22,0.0,0.0,0.0,0.0,0.3,0.09,new,8a,historical,2020,RefBldgMidriseApartment
2_15_8_4,0.0,879.53,0.0,0.0,40.33,0.0,4246.94,0.56,0.0,0.0,0.0,0.18,18.66,new,8a,historical,2020,RefBldgMediumOffice
2_15_8_5,0.0,665.99,0.0,0.0,0.0,0.0,7546.22,0.0,0.0,0.0,0.0,0.35,0.1,new,8a,historical,2020,RefBldgMidriseApartment
2_15_9_4,0.0,941.6,0.0,0.0,40.33,0.0,4247.31,0.19,0.0,0.0,0.0,0.13,19.12,new,8a,historical,2020,RefBldgMediumOffice
2_15_9_5,0.0,748.67,0.0,0.0,0.0,0.0,7546.22,0.0,0.0,0.0,0.0,0.18,0.09,new,8a,historical,2020,RefBldgMidriseApartment
2_15_10_4,0.0,890.0,0.0,0.0,40.0,0.0,4247.03,0.47,0.0,0.0,0.0,0.18,18.46,new,8a,historical,2020,RefBldgMediumOffice
2_15_10_5,0.0,683.21,0.0,0.0,0.0,0.0,7546.22,0.0,0.0,0.0,0.0,0.3,0.08,new,8a,historical,2020,RefBldgMidriseApartment
2_15_11_4,0.0,851.66,0.0,0.0,39.5,0.0,4246.8,0.7,0.0,0.0,0.0,0.22,18.3,new,8a,historical,2020,RefBldgMediumOffice
2_15_11_5,0.0,634.53,0.0,0.0,0.0,0.0,7546.22,0.0,0.0,0.0,0.0,0.44,0.09,new,8a,historical,2020,RefBldgMidriseApartment
2_15_12_4,0.0,809.53,0.0,0.0,38.33,0.0,4246.29,1.21,0.0,0.0,0.0,0.3,17.66,new,8a,historical,2020,RefBldgMediumOffice
2_15_12_5,0.0,580.67,0.0,0.0,0.0,4.17,7546.22,0.0,0.0,0.0,0.0,1.22,0.08,new,8a,historical,2020,RefBldgMidriseApartment
